﻿Label,Statement
Real,Seriously? Puts into perspective the challenge that was the MH370 search.
Real,It's being hailed a breakthrough in search of MH370
Fake,"MaverickLite I tried very hard to develop an accident scenario that would explain all observations, but could not."
Fake,Drain The Oceans.
Fake,I found MH370 on Google maps. 
Real,MH370 now at NatGeo channel.
Fake,MH370 FOUND: Geologist claims he has FOUND missing Malaysia Airlines flight on Google Maps.
Real,"From RT to drputerishanaz: Expect the worst, hope for the best for MH370."
Fake,Interpol president missing.
Real,"If MH370 found in Cambodian jungle as reports suggest now will literally put many ""experts"" and ""governments"" out of jobs MH370."
Real,wreckage search rocked by SECOND 'crashed plane' found in jungle on Google Maps.  
Real,MH370 wreckage search rocked by SECOND 'crashed plane' found in jungle on Google Maps.
Fake,"And who are these others? Terrorists? It is HAARP, DARPA, CIA, look at your slimy performance to William Cohen."
Real,Missing Mh370 was not a political crisis or an aviation crisis...its a human crisis. Read GriefCounselor and PaulYin.
Real,the jury is still out there.  Thanks.
Fake,"Im not sure of the exact timing, but I think 9M-MRO was called on VHF emergency radio channel before the."
Real,OK. I pretty much give up trying to help you. You dont understand the data; your estimates are wildly incorrect.
Real,Its possible that the aircraft was re-pressurized at same time L AC MAIN Bus was repowered.
Fake,hope the flight home disappears like mh370'
Fake,Did you know this about #MH370 ?
Fake,Its possible that the aircraft was re-pressurized at same time L AC MAIN Bus was repowered 
Fake,Flight MH370 theories has the mystery about the Malaysian Airlines plane been solved and whats the latest?
Fake,MH370 theories has the #mystery about the Malaysian Airlines plane been solved and whats the latest?
Real,OK. I pretty much give up trying to help you. You dont understand the data; your estimates are wildly incorrect.
Fake,MH370 FOUND: Geologist claims he has FOUND missing Malaysian Airlines flight on Google Maps.
Real,My only comment is that the aircraft shown in the video is a Beriev Be-200 amphibious aircraft.
Real,"Hmm. Possibly, but still seems unnecessary. He could have done those things while heading south on."
Fake,"Who says he did? Its possible he killed himself soon after heading south. If so, there was no proof."
Real,"ZS was not aware of BTO/BFO recording by Inmarsat. Without that, the only indicator he had flown to SIO."
Fake,ZS turned left AC bus back on near edge of radar coverage. I think he continued NW on N571 for another 15 m.
Fake,"USA and other Anglo-Saxon and Celtic dominant States, like GBR,Canada,Australia,NewZealand are full of charlatans masquerading as Christians on high-ranking post inside the Government and Military ."
Real,Malaysia refused to be dragged into war with China.US CIA backed by Israel's Mossad murdered the innocent passengers.
Fake,I believe the SDU was turned back on so that incoming calls would be detected. Then ZS would know MAS.
Real,"If you had read my paper, you will find that I believe the HOLD had two purposes: (1) check status of passengers"
Real,"I also give this location, because I have not found this information. MH370, who knows?"
Fake,"Back in the day, I spent a fair bit of time in and around King-Air operations."
Fake,"Meanwhile in the international world of AOPA,aopaaustralia & amp;drones TICK..TOCK 6G."
Real,"we can use them all,  The experts could not."
Fake,"reports Seven mysteries that have convinced experts,its all a cover-up by official investigators. "
Real,"It doesn't matter how they look at it, a single ping origin can never able to accommodate."
Real,"These two BTO 51,700 and 17,120 mcs provided the MEKAR  ping rings intersection."
Fake,No. We are preparing our own. All about BTOs and BFOs with detail theories and verification.
Fake,Someone would have had to be conscious in the cockpit during the 1st sat call at 18:40 to enter.
Real,"This path fits all data about this part of the flight well. Assuming the path is correct, why do you think of that?"
Fake,Are you working in some official capacity when you refer to a final report? I've had the impression on you.
Fake,People are giving this stupid fictional show too much credit. Stop relating this crap to MH370 missing.
Fake,"The best companion book for ExplosionsOfJoy is this beautiful, windy expression of grief and confusion and loss and disappearancence."
Fake,maybe you can shoot down a Malaysian airliner or two?
Real,"Malaysia refused to be dragged into war with China,US CIA backed by Israel's Mossad murdered the innocent passengers."
Fake,Are you comparing Malaysia to USA that loves war?
Real,"So you mean to tell me, this plane left a path of crushed trees in its wake before stopping in one piece? That's no  plane, that's a UFO!"
Fake,Sure we can.  Once we are done with our final report we can share our findings.
Real,"Not only that, but it seems like no one is being held accountable for the shortcomings of this search led by the ATSB. I mean, they were literally talking about breaking out the champagne and here we are, years later. It pisses me off that no one has taken them to task. "
Real,Man this is boring as shit. When does the next search start? There's got to be another one starting soon!
Fake,"USA and other Anglo-Saxon and Celtic dominant States, like GBR,Canada,Australia,NewZealand are full of charlatans masquerading as Christians on high-ranking post inside the Government and Military ."
Real,"report Seven mysteries that have convinced experts,its all a cover-up by official investigators."
Fake,"my 1st tweet August 2015-Y malaysians BAD TEACHERS fail 2 pay back  PTPTN? BAD examples,BAD TEACHERS,BAD STUDENTS. How 2b high income  nation?"
Fake,"Malaysian Anti-Corruption Commission (MACC) FAIL,COWARD &amp; FEAR,2 catch BODOH malaysians actors/celebrities in Malaysia-their companies put up illegal metal signboards & illegal big billboards in Kuala Lumpur, Negeri Sembilan & Selangor?"
Fake,"The best companion book for #ExplosionsOfJoy is this beautiful, windy expression of grief and confusion and loss and disappearancence."
Fake,"malaysia BODOHland-A BODOH Malaysian motorist drive dangerously,VBQ 4519,FAIL 2 use car headlights' DIE FAST & GOOD for economy-where r  BODOH malaysians JPJ & traffic policemen?"
Fake,Same to you. BTW  as a Malaysian thank you for your efforts.  Good luck to you. Keep it up.
Real,"Some countries have very advanced defenses. Every second of the day, they have sophisticated tech scanning for any possible intrusion across borders."
Real,'mysteries' exposed by experts who suspect a 'cover-up'
Real,final report cover-up.  Seven mysteries convince experts its all a cover-up by official investigators.
Fake,"If you haven't heard, its might have been found in Cambodia. Here are the coordinates, what do you think?"
Fake,Good luck to you in resolving your misunderstandings of BTO arcs.  A number of independent investigators.
Fake,"Perhaps we can work together to get your PM on board. I don't know if ""Ocean__Infinity"" is even interested."
Fake,Same to you. BTW  as a Malaysian thank you for your efforts.  Good luck to you. Keep it up.
Fake,Same to you. BTW  as a Malaysian thank you for your efforts.  Good luck to you. Keep it up.
Fake,Same to you. BTW  as a Malaysian thank you for your efforts.  Good luck to you. Keep it up.'
Real,Thanks.  I have read a lot about the 7th Arc search area.   Know quite well how they reached there. But I will look at it IF anything new to me.
Real,Understood.  If the 3 ways can locate the airplane then let our approach be forgotten forever.
Real,Understood.  If the 3 ways can locate the airplane then let our approach be forgotten forever.
Real,"If you draw a ping ring with haversine radius 6,447km from the satellite sub, it will pass the GES."
Real,"That will never can be the issue.  The biggest rad 6378km, The smallest 6353km. Do you think 50km a big deal as opposed to 120,000sqkm  using ATSB ""New""method?"
Real,any two points on ECEF there always be the same equivalent two points on Flat Earth.
Real,Are you aware the 3F1 is supposed to be a geo-stationary sat? Yes it drifts a bit but it can be taken stationary wrt any point on earth? 
Fake,"You can't use a flat earth coordinate system. To be accurate, you must use Earth Centered Earth Fixed (ECEF) coordinates and WGS-84 earth shape."
Real,You have several issues: the Earth is not spherical. The GES is not \xe2\x80\x9con a  ping ring.
Real,scheduled for Saturday on @NatGeo 02.00 p.m. GMT.
Fake,Could this be what happened to MH370? I was working the 'it landed on a submarine angle.
Fake,"prove the authencity of its data log, and what are the ""other data"" it says it has, which is necessary to understand its work?"
Real,BTW I don't think ATSB version is different than this one.  Maybe some variations the way ATSB looked at it.  But never can make this one  wrong.
Real,Beg to differ. We can do both ways. The number will never be the same but the rings will be exectly similar.
Real,"Report into missing flight is NOT TRUE, experts claims."
Real,report Seven mysteries that have convinced experts its all a cover-up by official investigators.
Real,RUSSIA's military intelligence unit (GRU) attempted cybercrimes targeting the U.N. chemical weapons watchdog and the investigation into 2014 MALAYSIAN Airlines!
Real,The sudden dissapearance of the Flight MH370 in March 2014 distracted the attention of the world mass media from the Russian advance in the Crimea.
Fake,"Meanwhile in the international world of AOPA,aopaaustralia & amp;drones TICK..TOCK 6G."
Real,final report cover-up.Seven mysteries convince experts its all a cover-up by official investigators.
Fake,Malaysians are stupid. They don't know how to manage aviation.
Fake,I found MH370
Fake,maybe you can shoot down a Malaysian airliner or two?
Fake,"USPacificFleet should instead have a ""classified proposal"" to ""search"" the ""disappeared""."
Fake,"Like USA ,GBR et al; tapdancing responses to aiding, abetting and creating Instability and and Terrorism!"
Fake,Did you know this about MH370 ? 
Real,You are welcome. I suggest you take the time to fully understand the ATSB reports. That will give you a clearer understanding of BTOs.
Fake,What happened to flight mh370?
Fake,movie SLAMMED: Fury over plan to link mystery to SICK organ harvesting conspiracy'
Fake,"Driver do not wear SEAT BELT,we have a BODOH malaysian motorist,drive car BPJ 8628  -makes Malaysia BODOHland"
Fake,"my 1st tweet March 2016-Malaysia ministers r ASSHOLES-b cos 2many HOLES in  bank accounts,2many HOLES in projects documents,2many HOLES in NGOs donations!!"
Fake,"my 1st tweet March 2016-Malaysia ministers r ASSHOLES-b cos 2many HOLES in  bank accounts,2many HOLES in projects documents,2many HOLES in NGOs donations!!"
Real,Malaysia Airlines flight linked to organ harvesting conspiracy.
Fake,BAD Malaysians age 16-55 r LIARS &give STUPID EXECUSEs 4not showing  up at work/ attending classes-How 2b high income nation?
Fake,BAD Malaysians age 16-55 r LIARS &give STUPID EXECUSEs 4not showing  up at work/ attending classes-How 2b high income nation?
Fake,Tq Mr  MC. Very kind of you. Have a look later.'
Real,Its not a political crisis or an aviation crisis...its a human crisis.
Real,we exchange our work. When I m done with my write up I will inform you.'
Real,Explosions of Joy is honored to receive this recognition from the New York Book Festival!
Real,"After I confirmed the endpoint, I backed out the planes ground speed from Ping."
Fake,Did you know this about MH370 ? 
Real,"Report into missing flight is NOT TRUE, experts claim."
Real,The fact this is the top post for MH370 is a sad day for mankind. Get well soon. You're ill.
Real,Seabed Constructor has put to sea to resume the search.  She cleared breakwater at 03Oct2018.
Real,"In response to MH370, the bill requires FAANews to study methods for obtaining aircraft data from planes used in ""extended overwater operations""."
Real,The best thing I've found is still this. So I have used the most time and confidence discovery is hard.
Fake,"You can't just   draw an arc from  the   sub-satellite point either, and you have to use the  correct non-spherical Earth shape.  Everything you need is built  into  my   Excel  equations, so just use my calculator. I hope this explanation helps."
Fake,Did you know this about MH370 ?
Real,Note  also that a distance   from the sub-satellite point is not used for  any  calculation.
Real,"The second worksheet in that EXCEL file lists  the BTO values including   all the ll the corrections needed (for AES timing  offsets).  Note the values  at  18:25:34 (12,638 microseconds) and at  00:19:37 (18,410  microseconds)."
Real,"Here is my EXCEL model which computes BTO accurately as a function of  time, latitude,longitude, and altitude, taking into account the  changing satellite position with time."
Real,Several corrections subsequently made to the raw BTO values are described in Appendix A on  on p.
Real,"If you want to compute the BTO accurately, the principal equation you need is in Appendix G."
Real,"FWIW, you need three formulas to get ping ring values are several."
Fake,"As a practical matter, I never attempt to assign an altitude value to the plane. Like ground speed, it is unknowable. And, since the final ping is the primary ping of interest, there is a pretty good chance the plane was in the water then, anyway. "
Real,The third and final calculation is to get the radius of the ping ring. It is simply: =Z8*6378 where Z8 is the coefficient obtained in the previous step times the sum of earth’s radius PLUS the plane’s altitude in km
Real,The second is to get the coefficient of earths radius plus plane altitude: =ACOS((($X8^2+$Y8^2)-(S8^2)).
Real,"FWIW, you need three formulas to get ping ring values: The first one is = ((((E8-$M8)/2)*$N8)-$P8)."
Fake,devours children. 
Real,Fury over plan to link mystery to SICK organ harvesting conspiracy.
Fake,Im hooked! We hope the same thing will happen to MH370 one day!
Real,"I've also studied this second subject much further. Here, however, is another picture of the subject."
Fake,I also found another item to be studied. Do I give the location with the picture wonderfully?
Real,I will share an old Excel worksheet with you if you give me an email address. It shows how the the calculations are made. You need to get the ping rings right before exploring other possibilities.
Real,you are saying at the end of flight it was located about 3350km from the satelite sub right? Then what we are going to do with 18040mcs +360mcs extrapolation?
Fake,News is out!
Real,that 1000km you have taken as bias right? Have you tried 51700?
Fake,thank you sir.
Fake,"For you; to Kristie,intentionally avoid posting."
Fake,i know what happened to mh370. 
Real,"Report into missing flight is NOT TRUE, experts claim ."
Fake,Mode. Waiting.
Fake,Did you know this about MH370 ? 
Real,Where were the MH370 pieces found? How much of plane is missing?
Real,Where were the #MH370 pieces found? How much of plane is missing?
Fake,Looks sorta like what I've been saying for years!
Real,A (new) Plausible Trajectory. Paris 9 Oct 19:00.
Fake,many of us want to ask this question. How on earth you get the second set of BTOs? So we provide the answer in advanced.  Do you really believe we need second satellite to know BTO_T0 after the MH370 measured the other BTO_B0? The was the old formula called Cosine Rule!
Real,"one thing FOR sure all of researchers MH370 should know, once a BTO was recorded the signal MUST have passed at least two terminals, or modeled to have passed two terminals. One of the terminals was the MH370.  The other one COULD be any of these  two  GES and Sat sub"
Real,"Give you and example  17,120mcs recorded at 18:25UTC. About microseconds later it was around 12,480-12,560mcs! Failure to explain these either we don't know how it works or they were plain wrong."
Real,there are two sets of BTOs. Impossible you can explain all the numbers by using one set BTO hypothesis.  Unless making unproven assumptions. Why should make assumption if we don't have to.
Fake,"This will never could go away from us. Until it is found.  We have done a lot since the last 4 yrs. We want you to say ""NO"". ""You are wrong"". then show us WHERE.  We believe one can't say that if there is none"
Fake,"This will never could go away from us. Until it is found.  We have done a lot since the last 4 yrs. We want you to say ""NO"". ""You are wrong"". then show us WHERE.  We @the_mh370 believe one can't say that if there is none"
Fake,just track those two ranges at specific intervals. The airplane flight path can be plotted. Those BTOs that it had sent down were meant for this kind of modelling.  Pls tell your experts if you know ones. We have the lead. Important lead
Fake,Measure for measure.
Fake,How BTO works.
Fake,"This will never could go away from us. Until it is found.  We have done a lot since the last 4 yrs. We want you to say ""NO"". ""You are wrong"". then show us WHERE.  We @the_mh370 believe one can't say that if there is none"
Fake,My thoughts & amp; condolences are with the loved ones of those on board Malaysia Airlines flight MH370.
Real,NBCManifest made me wish that MH370 would land back to where it was supposed to.
Real,Seabed Constructor has put to sea to resume the search.  She cleared breakwater at 03Oct2018.
Real,Seabed Constructor has put to sea to resume the search.  She cleared breakwater at 03Oct2018.
Fake,Did you know this about MH370 ?
Fake,"The bad news: I'm stranded on a desert island.The good news: I've found MH370"""
Real,OK. I can\xe2\x80\x99t help you. You are determined to do it your way. No problem with that if that what you want. 
Real,"But  if you put BTO=14,800mcs into Eq (1) you will never get anything close to 4,000-5,000km even you take Bias=0! Have you tried that?"
Fake,the first smallest issue. (BTO-Bias)/2.  If BTO to give Range_MH370-satelite sub then why has to to divide by 2? The second problematic issues If (BTO-Bias)/2 and BTO =BTO_MH370-Satellite sub why has to subtract again with R_GES-satellite sub?  3rd you have to try to know
Real,"We know in and out.  There were some issues with the formula.  BTW either you are using haversine or a straight line, will give you diff numbers BUT the same location on earth surface. Lately I use flat range more than haversine.  No problem is expected. Just a preference."
Real,"I assume you know about this formula published by Inmarsat in 2014. Its a little more involved than the the formula you posted. And with the full formula the correct distance is 4,139 km."
Real,OK. I have no desire to rain on your picnic / parade. I know of three ways to solve the planes endpoint: 1) reverse drift; 2) circle inversion; 3) satellite Arc analysis. All three will give the same correct location. I am not aware of any other way of doing it.
Real,Ok thanks. We just try our best to locate it. Good luck to you.'
Real,"BTO is time taken for a signal to travel one way from one terminal to the other.  14,800mcs."
Real,"Mh370 could be known via one of the ping ring intersections. Like this one.  Two ping ring intersections 18:25UTC=> full agreement with the RMAF primary radar spotted location at 18:22-18:27UTC.  BTO pair=17,120mcs => Origin at the GES and BTO 51,700/4 => Origin at satellite sub"
Real,OK. I can't see a way forward for you with that approach. Its identical to trying to triangulate with one set of ping rings. They will reinforce one another; not provide contrast. 
Real,"No. We are suggesting all the BTOs that it had sent down that day should able to be used to to draw ping rings from TWO origins. One from the satellite sub as the experts did. the other one from the GES. Once the two pings ring have almost similar time stem, the exact MH370"
Fake,I have no idea why you are focused on GES. There are microseconds in these calculations. Are you suggesting someone was sitting at Perth GES and manipulating data? 
Real,No such thing of the 7th Arc BTO. What we have is the 6th Arc + Extrapolation about 9 minutes.
Fake,MH370 was not abducted by aliens FFS.
Real,final report COVER-UP.Aviation experts demand answers after findings.
Real,final report COVER-UP .Aviation experts demand answers after findings.
Fake,MH370 worth a revisit esp with someone expert on the Boeing remote control patent.
Real,"I have used it with IGARI. We have ADS-B from two reliable sources. It works fine, but is not as high-resolution."
Real,The Stuff of Conspiracies - What are the odds?
Real,"Thanks, Aileron. I\xe2\x80\x99ve spent a lot of time reviewing it. Cannot find problems. I notice most discussions."
Real,Because the BTO resolves to the plane\xe2\x80\x99s radius from its satellite. 
Real,Never mind. I can get at least partly about your method. Promising &amp; better than the official account.
Real,"Sorry, don\xe2\x80\x99t understand the question. I pretty much ignore all pings other that the calibration ping average."
Real,"Since you do not show how you accommodate these BTOs: 51,700, 17,120, 49,660 and 23,000 mcs."
Real,"I've used it with IGARI. We have ADS-B from two reliable sources. It works fine, but is not as high-resolution."
Real,"thanks. Have you tried the same approach for the known MH370''s location for verification? E,g. at 18:25."
Real,"OK. You need to view it as a geometry problem, not an active \xe2\x80\x98radar\xe2\x80\x99 process. We freeze two instants in time."
Real,I really can't see how you get the second ping ring origin.
Real,Do you agree or disagree with the method I used to identify the planes terminal location? Do you agree or disagree?
Real,.7 months a man living in a Malaysian airport and we wonder why they can't find a plane after 4 and a half years.
Fake,Did you know this about MH370 ?
Real,"Mh370,its not a political crisis or an aviation crisis...its a human crisis."
Real,Yet we still can't locate MH370 on earth!
Real,"Mh370,its not a political crisis or an aviation crisis...its a human crisis."
Real,"The subject seems to be slightly upright, leaning on some of the bottom formation? "
Real,I do not use GES Perth for anything other than preliminary calculations to get the full path.
Real,"the one that you omitted in our opinion made their origin at the GES, Perth. They actually had  lower values since GES Perth is closer to the KLIA than the satellite sub. About 20km (60-80mcs). That omission caused the GES as an origin  could no longer been seen!"
Fake,"Sure. I don't try to reconcile any of the outliers. I use six of the seven pings to estimate ground speed AFTER I know the terminal location, and I sometimes display all ping rings, but I only work with the first (14800) and the last (18400). "
Fake,Sure. I dont try to reconcile any of the outliers. I use six of the seven pings to estimate ground speed.
Real,"I only use the plane-to-satellite residual of the BTO. For example, a BTO of 14820, not the full half sec."
Fake,MH370  This way of developing the airplane tracking model can be done. It has already been done.
Real,Yes. All of the BTOs used for calibration are Channel RX. Most come from Channel 8 or 11. 
Real,Inmarsat used about 17 BTO values when it calibrated the SDU prior to the flight. 
Real,"The official account failed miserably using BTO at 18:25UTC, near MEKAR 17,120mcs since MEKAR"
Real,The official account profiled the BTOs up to Kuala Terengganu using the satellite
Real,"what we are trying to say, yes there was two origins ping rings.  Our argument the one via R-Ch"
Fake,point taken and well understood.  Possibly but see these two early BTOs taken direct from the 
Real,An easy way to parse a circle is to overly another circle of exactly the same radius in a way that define
Fake,My thoughts condolences are with the loved ones of those on board Malaysia Airlines flight MH370
Fake,This part flows from the fact that I am exclusively interested in the planelocation during the 8-hour
Fake,Did you know this about?
Real,"Because the BTO resolves to the planes radius from its satellite. In raw form, the BTO is a measure of t"
Real,too many questions and he'll probably block you...MH370
Fake,"Again, I work with the rings themselves and treat them as tangible geometric objects. "
Fake,MH370. Never mind. I can get at least partly about your method. Promising  better than the official
Real,Did you know this about MH370 ? 
Real,"Sorry, dont understand the question. I pretty much ignore all pings other that the calibration ping aver"
Real,the signal started either at the MH370 or at the GES. Therefore BTO=0 and Range radius =0 shall
Real,"Since you do not show how you accommodate these BTOs: 51,700, 17,120, 49,660 and 23,000 mcs, t"
Real,"I believe it will be concluded soon. Ocean Infinity missed it by such a small amount (100 km), they may"
Real,Do you agree or disagree with the method I used to identify the plane terminal location? Do you agree or disagree
Fake,its very important that your theory and method find now a way to the responsible authorities and Malay
Fake,I am almost certain that the seabed scan filed for this discovery into hiding. The reason is the depth and ridges
Fake,"Missing of MH370 airplane is a secret of using electromagnetic brain weapon of MilitaryIntelligence,Military"
Fake,"Missing of MH370 airplane is a secret of using electromagnetic brain weapon of MilitaryIntelligence,Military"
Fake,"Missing of MH370 airplane is a secret of using electromagnetic brain weapon of MilitaryIntelligence,Military"
Fake,"Missing of MH370 airplane is a secret of using electromagnetic brain weapon of MilitaryIntelligence,Military"
Fake,"Missing of MH370 airplane is a secret of using electromagnetic brain weapon of MilitaryIntelligence,Military"
Real,Did you know this about MH370 ?
Real,"I used it with IGARI. We have ADS-B from two reliable sources. It works fine, but is not as high-resol"
Real,thanks. Have you tried the same approach for the known MH370''s location for verification? 
Real,"OK. You need to view it as a geometry problem, not an active radar process. We freeze two instants"
Real,ONE theory about MH370 is that it crashed into the Indian Ocean but is that what actually happened? 
Real,I really can't see how you get the second ping ring origin.  All official BTOs/BFOs were passed
Fake,I had zero negative feedback on the planes terminal location. The larger issue is that almost no one is talking
Fake,Did you know this about MH370 ?
Real,Did you know this about MH370 ? 
Real,Do you agree or disagree with the method I used to identify the planes terminal location? Do you agree or disagree
Fake,My thoughts condolences are with the loved ones of those on board Malaysia Airlines flight MH370
Fake,Did you know this about MH370 ? 
Fake,Did you know this about MH370 ?
Real,Did you know this about MH370 ? 
Fake,We all have to thank you Mike! Because you have done and now there is a very good chance to find MH370 
Fake,Did you know this about MH370 ?  
Real,Maybe I am crazy to link Manifest to the Malaysian flight MH370.
Fake,I had zero negative feedback on the planes terminal location. The larger issue is that almost no one is talking
Fake,Did you know this about MH370 ?
Fake,Did you know this about MH370 ? 
Fake,Did you know this about MH370 ?
Fake,Did you know this about MH370 ?
Fake,Electrical fault brought down jet 24 OTHER Boeing 777s had issues.
Real,Did you know this about MH370 ? 
Fake,Here is a simple Final Major Turn route using BEDAX and BEBIM that matches all the sat data and my best fit.
Fake,Did you know this about MH370 ? 
Fake,Did you know this about MH370 ?
Fake,Did you know this about MH370 ?
Fake,Did you know this about MH370 ? 
Fake,Did you know this about MH370 ? 
Fake,Did you know this about MH370 ?
Fake,Did you know this about MH370 ? 
Fake,Did you know this about MH370 ? 
Fake,AAI Real World lessons? 
Fake,"I got it! Now I see in the picture Christmas Island in relation to my discovery. However, he has to look carefully."
Fake,Did you know this about MH370 ?
Fake,"Back in the day, I spent a fair bit of time in and around King-Air operations."
Fake,Electrical fault brought down jet 24 OTHER Boeing 777s had issues 
Fake,Did you know this about MH370 ?
Real,Did you know this about MH370 ?
Real,Is This What Really Happened to Flight MH370? New Documentary Claims to Shed New Light.
Fake,Is This What Really Happened to Flight MH370? New Documentary Claims to Shed New Light.
Fake,MH370 and this not a theory. that is one of the things flight envelope protection does. fully autonomous and full time. Cannot be disabled by pilots.
Fake,Did you know this about MH370 ?
Fake,Mh370 a bit better I think since 1. no observed data can be used to rule out and 2.  don't need to establish motive. Less assumptions means  less probability for err
Fake,Did you know this about MH370 ? 
Fake,Did you know this about MH370 ? 
Fake,"Safety investigation report MH370 from 06/2018, page 79: APU intake is lower by 30 pounds of fuel at 1° AOA. Consumption 2 pounds per 55s. Approximates ~14min reserve for APU after left engine stops.'"
Real,Did you know this about MH370 ?
Fake,"MA flight MH370  missing, MA flight MH17 Shot Down,Taiwanese flight GE222 Crashed."
Fake,Malaysian police searching for missing flight MH370 .
Fake,Did you know this about MH370 ?
Fake,"So, you are Canadian now. Thats a good guess. Impossible to know exactly where it is. I've narrowed it down."
Real,"Thanks Jim. I ask because I can't understand why Inmarsat, Australia, and Malaysia didn't have staff qualified."
Real,I've had zero negative feedback on the planes terminal location. The larger issue is that almost no one is talking.
Real,North latitude? You might have a bit longer to wait before anyone checks the Bay of Bengal.
Real,"Lol. Because there are no millions. The math has been thoroughly checked; in part by oceanographer I have no idea what the families are doing, if anything. Malaysia hasn’t spent a penny on it for a long time. But searchers with bad advice have lost a lot of money."
Fake,I've had zero negative feedback on the planes terminal location. The larger issue is that almost no one is talking.
Fake,Did you know this about MH370 ?
Real,Did you know this about MH370 ? 
Fake,I've had zero negative feedback on the planes terminal location. The larger issue is that almost no one is talking.
Fake,Did you know this about MH370 ? 
Fake,Did you know this about MH370 ?
Real,Did you know this about MH370 ?
Fake,Do you agree or disagree with the method I used to identify the planes terminal location? Do you agree or disagree?
Fake,Did you know this about MH370 ?
Fake,Did you know this about MH370 ?
Fake,Did you know this about MH370 ?
Fake,Did you know this about MH370 ? 
Fake,Did you know this about MH370 ?
Fake,Did you know this about MH370 ?
Fake,Did you know this about MH370 ? 
Fake,Did you know this about MH370 ? 
Fake,Did you know this about MH370 ? 
Real,Did you know this about MH370 ?
Fake,Hi Mike - I've been following MH370 and ARASanJuan on your page since the beginning.
Fake,Did you know this about MH370 ?
Fake,Did you know this about MH370 ?
Real,Did you know this about MH370 ?
Real,"how it matches with BTO 17,120mcs at 18:25UTC? 51,700mcs at about the same time? 12,480mcs a few minutes."
Real,"Yes, its a mystery. I know where MH370 is resting, but I have no idea where ARASanJuan is located."
Fake,"Thanks, Aileron. I've spent a lot of time reviewing it. Cannot find problems. I notice most discussions."
Fake,Did you know this about MH370 ?
Real,Watching manifestnbc and all I can think about is the elephant in the room.
Real,Do you agree or disagree with the method I used to identify the planes terminal location? Do you agree or disagree?
Fake,Do you agree or disagree with the method I used to identify the planes terminal location? Do you agree or disagree?
Real,Did you know this about #MH370 ?
Fake,Here is a simple Final Major Turn route using BEDAX and BEBIM that matches all the sat data and my best fit.
Fake,Did you know this about MH370 ?
Fake,Did you know this about MH370 ?
Fake,Did you know this about MH370 ?
Real,Did you know this about MH370 ?
Fake,I agree Mike! It must be there MH370.
Fake,Did you know this about MH370 ? 
Real,Did you know this about MH370 ? 
Fake,"how it matches with BTO 17,120mcs at 18:25UTC? 51,700mcs at about the same time? 12,480mcs a few minutes later? And 11,500mcs at 19:41UTC?  Maybe all these are not important since bad data. How about if they are good?"
Fake,Thank you for the kind words. MH370
Fake,Did you know this about MH370 ?
Fake,Did you know this about MH370 ?
Fake,Did you know this about MH370 ?
Fake,Did you know this about MH370 ? 
Fake,Did you know this about MH370 ? 
Fake,Did you know this about MH370 ? 
Fake,Did you know this about MH370 ?
Fake,Did you know this about MH370 ?
Fake,Did you know this about MH370 ?
Fake,Did you know this about MH370 ?
Real,Did you know this about MH370 ? 
Real,Do you agree or disagree with the method I used to identify the planes terminal location? Do you agree or disagree?
Fake,Here is a simple Final Major Turn route using BEDAX and BEBIM that matches all the sat data and my best fit.
Fake,Did you know this about MH370 ?
Fake,Did you know this about MH370 ? 
Fake,Did you know this about MH370 ? 
Fake,Did you know this about MH370 ? 
Fake,Did you know this about MH370 ?
Fake,Did you know this about MH370 ?
Fake,Did you know this about MH370 ? 
Fake,Did you know this about MH370 ?
Fake,Friends of mine own a charter boat operating in the Mentawai Islands off Sumatra.
Fake,Did you know this about #MH370 ? 
Fake,"Thanks Jim. I ask because I can't understand why Inmarsat, Australia, and Malaysia didn't have staff qualified to do ping analysis? Exactly WHAT are they qualified to do? And now, of course, they have all become catatonic."
Fake,Did you know this about MH370 ?
Fake,Did you know this about MH370 ?
Fake,Did you know this about MH370 ?
Fake,Did you know this about MH370 ?
Real,Did you know this about MH370 ?
Fake,I agree Mike! It must be there MH370 
Fake,Did you know this about MH370 ?
Real,Did you know this about MH370 ?
Fake,"Do you agree or disagree with the method I used to identify the plane’s terminal location? Do you agree or disagree with the reverse-drift findings by France, Geomar, and NOAA that put the plane in exactly the same location? I’d like to hear from you."
Real,Did you know this about MH370 ?
Real,"Do you agree or disagree with the method I used to identify the plane’s terminal location? Do you agree or disagree with the reverse-drift findings by France, Geomar, and NOAA that put the plane in exactly the same location? I’d like to hear from you."
Fake,Here is a simple Final Major Turn route using BEDAX and BEBIM that matches all the sat data and my best fit from 19:41 to 00:19
Fake,Did you know this about MH370 ?
Fake,Did you know this about MH370 ?
Fake,Did you know this about MH370 ?
Real,Did you know this about MH370 ?
Fake,Here is a simple Final Major Turn route using BEDAX and BEBIM that matches all the sat data and my best fit from 19:41 to 00:19
Fake,Did you know this about MH370 ?
Fake,Did you know this about MH370 ?
Fake,Did you know this about MH370 ?
